emp_id,name,address,salary,dob,nin,department,emergency_name,emergency_relationship,emergency_phone
22-3708071,Rab Feast,9503 Buell Drive,"£30,397.56 ",01/04/1986,rb499211c,Driver,Jereme Slayford,Father,07721 065 357
49-2217652,Georas Divisek,25 Moulton Lane,"£87,452.13 ",10/05/1951,ht175666x,Packager,Nessy Panting,Civil Partner,07326 502 172
40-5288701,Ame Balser,2282 Sutteridge Lane,"£71,557.80 ",22/01/1998,dt545040m,Packager,Kipp Lavens,Boyfriend,07489 365 686
78-6321379,Thea Bradborne,3118 Lien Circle,"£35,665.99 ",27/09/1967,vb943949c,Driver,Theo Sheard,Mother,07356 401 825
41-3659990,Ruperta Stobie,2825 Pepper Wood Center,"£83,681.20 ",17/09/1976,qf137469l,Packager,Joly Doram,Girlfriend,07106 575 891
43-8492699,Hortense Berecloth,2 Barby Parkway,"£38,548.00 ",29/07/1987,zt656754o,Driver,Baird Fingleton,Boyfriend,07789 751 694
68-4171892,Yoshi Peakman,641 Warner Point,"£20,293.38 ",06/03/1953,to907441w,Packager,Patty Horsburgh,Husband,07924 918 978
72-5913162,Rudolfo Norridge,22 Golf Court,"£37,428.03 ",24/08/1968,du615694i,Packager,Frazier Snelman,Boyfriend,07235 513 354
07-4517183,Rochell O'Doohaine,1802 Hayes Court,"£25,471.21 ",08/11/1973,rz111360g,Packager,Regan Yarn,Mother,07967 811 408
55-0320348,Granville McKitterick,04 Rieder Parkway,"£83,664.78 ",20/02/1965,dr180938w,Driver,Zita Stanborough,Father,07532 693 273
59-8314806,Scotty Keson,14 Kipling Point,"£67,107.29 ",12/08/1967,gx924268x,Packager,Norrie Aggis,Husband,07390 692 263
66-0739491,Latashia McGaugan,1386 Artisan Parkway,"£58,941.46 ",08/07/1992,nz662678p,Manager,Eada Silmon,Wife,07007 182 872
98-1678319,Lamar Chesters,2234 Heffernan Place,"£97,090.47 ",01/02/1952,wh660279o,Driver,Maryjo Elgie,Wife,07007 723 133
30-1322103,Earl Wagerfield,34 Lillian Center,"£91,770.28 ",05/04/1998,zw251674d,Packager,Bastian Walliker,Civil Partner,07695 349 556
31-7167962,Emanuele Strickland,3772 Dawn Drive,"£15,549.15 ",14/04/1967,qy726870d,HR,Winfred Moncey,Wife,07510 608 683
05-1945849,Cherilyn Jepps,062 Nevada Parkway,"£85,550.33 ",30/10/1971,xz796669h,Driver,Michaelina Brahms,Civil Partner,07996 211 011
36-7073092,Thelma Wilkie,113 Badeau Plaza,"£32,280.23 ",01/10/1984,bl221585z,Packager,Tabbitha Shemmans,Wife,07625 474 049
86-2503827,Nikola Henbury,8116 Erie Junction,"£95,300.54 ",28/03/1968,cz046288u,Driver,Jone Tatersale,Mother,07761 255 990
29-7832408,Lexine Joney,73817 Muir Court,"£19,232.41 ",07/04/1974,pk696816m,Packager,Quinn Goodfellow,Husband,07755 486 861
35-8208617,Sayre Simnel,761 Kennedy Lane,"£72,894.00 ",19/05/1952,jr596419t,Packager,Flory Billham,Husband,07184 248 686
43-2037577,Leisha Mieville,027 Clarendon Center,"£68,826.28 ",23/11/1950,nj080641o,Driver,Alyosha Halewood,Boyfriend,07204 386 023
50-9092071,Jodie Busswell,8 Pepper Wood Avenue,"£14,441.41 ",07/12/1958,qz236393m,Packager,Simone Kitchenman,Father,07958 325 944
75-6520267,Truda Edleston,37994 Green Ridge Drive,"£23,646.90 ",07/03/1966,lp500272n,Driver,Tyler Rowsell,Wife,07753 973 466
12-5128654,Hadlee Stealey,0 4th Court,"£52,510.07 ",17/11/1997,tf577069v,Packager,Renee Kubatsch,Mother,07643 213 336
10-4168432,Robinetta Triswell,5 Independence Trail,"£74,033.43 ",29/09/1956,eu934314q,Packager,Ivett Rapier,Boyfriend,07016 239 710
85-7718619,Rhody Yaxley,90344 Merrick Crossing,"£98,055.42 ",24/01/1983,of102924m,HR,Margot Santos,Girlfriend,07915 649 295
61-9391449,Lester Carmo,6 Buell Trail,"£37,061.26 ",02/02/1997,mt812263o,Driver,Alis Plaster,Father,07547 928 939
59-6274425,Talbert Abbotts,29565 Jenifer Court,"£92,884.08 ",13/08/1996,ae100121f,Packager,Jon McAlester,Husband,07015 001 355
53-7191465,Delila Folland,5993 Warner Park,"£32,281.47 ",27/11/1955,vk993165i,Driver,Cori Phillipps,Husband,07572 306 041
30-2374884,Felicdad Escala,26 Holy Cross Place,"£22,260.80 ",27/11/1976,ei636866y,Driver,Alonzo Whilder,Boyfriend,07404 498 162
40-0786243,Oswell Beddingham,12989 Village Green Street,"£97,980.89 ",24/04/1953,lh106861m,HR,Leslie Keningham,Father,07765 606 938
50-0945563,Ashbey England,3 Oneill Crossing,"£66,223.46 ",18/09/1979,uj306006a,Driver,Tim Stiff,Girlfriend,07764 772 037
45-3951342,Chris Skittrell,174 Namekagon Court,"£80,039.37 ",23/08/1986,io334297g,HR,Arthur Landsborough,Mother,07679 670 222
66-7576883,Dur Janodet,91175 Northland Hill,"£54,589.37 ",17/04/1950,jd412382q,Driver,Golda Preston,Father,07636 377 875
06-9710935,Wileen Elwell,82 Tennyson Alley,"£78,678.52 ",21/09/1991,no969473z,Packager,Stevy Cestard,Husband,07510 562 958
14-1209073,Cheri Cancellieri,97763 Anhalt Way,"£62,678.28 ",07/09/1993,fj377449j,Driver,Leesa Bonhome,Wife,07668 929 915
71-7374760,Alfie Dean,15 Mccormick Point,"£21,930.10 ",10/03/1963,lh444635g,Packager,Godard Klimmek,Wife,07219 099 770
67-5029558,Gianina Leppington,1 Jenifer Park,"£77,499.37 ",27/05/1979,ve628368y,HR,Joycelin Mushet,Father,07772 470 745
98-4762907,Nari Crawshaw,40 Debra Center,"£91,733.92 ",21/03/1992,kd444344u,Driver,Ewart Benton,Civil Partner,07888 475 034
69-0803348,Editha Anney,271 Browning Plaza,"£67,023.77 ",23/08/2001,mk604551h,Driver,Lloyd Pidon,Boyfriend,07416 146 403
03-3544565,Feodor Inge,5 Knutson Plaza,"£91,614.47 ",03/12/1961,en390360s,Packager,Nolie Turfitt,Boyfriend,07872 652 134
90-1403954,Jeffy Camel,067 Columbus Street,"£78,815.19 ",19/11/1987,ql321121l,Packager,Vinnie Parr,Father,07792 234 252
76-3367992,Pammy Sterling,466 Northfield Alley,"£86,046.49 ",21/04/1966,sj533699h,Driver,Milty Corney,Husband,07432 348 532
20-2758343,Harrison Waller-Bridge,73899 Sachtjen Alley,"£39,846.48 ",25/04/1991,dw797814s,HR,Alaine Gozney,Girlfriend,07874 802 135
05-1128789,Paulita Casewell,18 Riverside Trail,"£73,099.76 ",15/06/1995,ds948250k,Driver,Bambie Bennell,Father,07411 921 600
33-7614004,Modesty Chicchelli,74 Bashford Pass,"£23,376.55 ",22/01/1961,zz664726s,Packager,Antoine De Caville,Father,07676 274 711
41-6555988,Marwin Raybould,925 Novick Lane,"£51,081.29 ",31/05/1983,dp016938u,HR,Margette Osman,Girlfriend,07794 678 823
16-0283796,Delphinia Skelhorn,115 Cody Point,"£91,026.23 ",29/08/1969,mx935884p,Driver,Zita Greasty,Father,07672 610 977
90-0686303,Ludovika Blucher,0141 Forest Alley,"£59,728.01 ",13/01/1956,sk016695u,Packager,Wain Savine,Civil Partner,07473 391 474
72-7823438,Adrienne Myall,9 Oneill Place,"£31,683.24 ",11/08/1972,uv348158a,Driver,Taylor Screach,Civil Partner,07029 866 049
29-6571924,Arne Bosson,77803 Messerschmidt Park,"£73,371.57 ",28/01/2001,ux813250n,Packager,Haroun Izakovitz,Husband,07369 136 446
75-0958781,Velvet Carbine,682 Kensington Drive,"£31,440.81 ",12/04/1987,of014519k,Driver,Lorri Elkington,Girlfriend,07692 074 959
83-4865660,Jase Fulk,80 Pennsylvania Center,"£90,529.95 ",29/03/1984,ak984038n,Manager,Rosabella Howlin,Father,07545 233 448
10-6127924,Joshuah Faircliffe,8 Merry Center,"£30,666.21 ",16/09/1992,ft026339d,Packager,Freddie Lorie,Husband,07975 207 662
63-9116461,Aylmer Gabbatiss,8828 Blue Bill Park Avenue,"£27,880.52 ",20/09/1950,qj799086z,HR,Paxton Aspole,Boyfriend,07789 380 331
52-0404205,Pierce Kemp,63008 Raven Place,"£82,902.41 ",29/06/1984,dd271029j,Packager,Seumas Ivantsov,Husband,07643 549 188
22-9529013,Reginauld Oak,8 Pleasure Drive,"£80,693.80 ",25/03/1955,ju954932e,Packager,Hieronymus Eldon,Mother,07315 598 289
58-8249246,Maggi Hamshar,92344 Main Avenue,"£34,269.41 ",19/04/1950,rb919501k,Driver,Theresina Tring,Civil Partner,07536 036 354
80-6524018,Ambur Challenor,2 Morning Crossing,"£47,033.97 ",17/09/1955,tn459758p,Packager,Eilis Domenici,Civil Partner,07141 393 691
30-3058947,Hettie Broadbent,5 Rowland Road,"£74,439.57 ",29/05/1950,an167975t,Packager,Paten Velten,Husband,07747 283 371
44-4915402,Phaidra Ivey,46 Toban Lane,"£61,580.95 ",02/01/1970,yg637206i,Driver,Franz Barribal,Mother,07304 601 591
39-4788866,Phillida Musicka,111 Twin Pines Center,"£84,543.42 ",22/10/1973,pg674068r,Packager,Coleen McPhater,Father,07695 675 287
60-9203590,Shoshana Downie,8416 Carberry Crossing,"£83,867.01 ",02/05/1998,ee740085i,Packager,Montague Giles,Girlfriend,07602 582 994
60-1691051,Winnah Gillott,40711 Dayton Plaza,"£48,040.51 ",31/12/1982,qv299811c,Packager,Amabelle McFaell,Mother,07406 136 450
67-7636850,Felice Plaide,0617 Daystar Drive,"£58,909.33 ",05/03/1953,vl606950t,Driver,Codee Hurndall,Boyfriend,07296 394 678
15-5837614,Loren Kupper,24 West Plaza,"£92,010.30 ",10/07/1999,tx310999b,Driver,Lazarus Pomeroy,Boyfriend,07288 097 464
45-6995640,Sigfrid Mankor,9773 Old Shore Way,"£12,758.05 ",13/07/1997,fi299116a,Driver,Troy Connock,Boyfriend,07603 307 243
97-9018441,Morganica Dracksford,867 Pierstorff Hill,"£91,483.69 ",03/08/1986,po115732f,Driver,Rorie Silverton,Civil Partner,07675 154 777
02-1151200,Bax Di Gregorio,34063 Fordem Way,"£76,631.69 ",13/01/1983,kt775367m,Driver,Eb Ludlem,Boyfriend,07258 306 130
62-6894804,Merrie Stayt,0 Manufacturers Alley,"£39,159.86 ",04/10/1995,cq847516d,Packager,Sumner Armer,Civil Partner,07124 699 528
99-0222188,Lonnie Niessen,754 Lien Road,"£95,600.64 ",12/04/1977,gb123108s,Packager,Ashley Jeenes,Wife,07512 219 266
29-5105992,Borg Szymanzyk,41 Amoth Crossing,"£77,828.80 ",26/02/1998,hm134578n,Driver,Bobby Breslin,Boyfriend,07156 132 741
11-9162644,Ninnette Reach,018 2nd Parkway,"£33,411.86 ",11/04/2002,qi586048l,Driver,Gerry Bastone,Boyfriend,07831 515 385
73-7147493,Chelsea Robertucci,94833 Northview Way,"£78,083.27 ",28/12/1956,df426741g,Driver,Alysa Bonavia,Husband,07998 104 368
16-1242322,Gris Elington,12 School Way,"£40,776.94 ",30/12/1963,sp696523t,Driver,Jon Guisby,Boyfriend,07770 964 956
09-4856118,Sofie Cavaney,12677 Northridge Alley,"£19,096.73 ",24/10/1966,hg982259y,Driver,Krisha Mingasson,Mother,07594 793 358
24-4677621,Derril Scaife,4 Tony Street,"£82,281.31 ",08/01/1965,qb596623c,Packager,Inness Hendrick,Father,07196 056 242
06-0280761,Odey Smeeth,46584 Kedzie Point,"£97,871.00 ",23/07/2000,rz638367h,HR,Troy Danielis,Boyfriend,07543 372 808
97-3138911,Alvina Paterno,09 Golf Drive,"£23,002.76 ",21/06/1986,ao592540g,Driver,Sal Bruckstein,Wife,07113 310 488
36-4580826,Olivia MacPhee,09 Saint Paul Point,"£85,391.76 ",01/02/1963,dj312271a,Driver,Trey Shannon,Husband,07275 260 538
93-5928498,Sukey Roddan,5 Gulseth Center,"£18,304.57 ",06/04/1979,ik578743b,Packager,Wanids Dunckley,Boyfriend,07415 773 406
75-8250680,Conney Ferras,43048 American Ash Hill,"£93,389.40 ",19/07/1993,us717372t,Packager,Dagmar Ranahan,Mother,07367 105 969
34-8601206,Dulcia Antonutti,9 Kingsford Plaza,"£61,015.90 ",19/07/1996,za364662q,Driver,Pandora Furnell,Husband,07519 157 083
59-1166943,Parker Filippov,9 Granby Terrace,"£65,946.54 ",05/03/1995,xp081647h,Packager,Rora Windross,Boyfriend,07964 139 091
17-5831110,Viviana Dreschler,3 Oak Terrace,"£56,587.83 ",28/11/1954,vx435216w,Driver,Hurley Nadin,Husband,07141 801 105
19-1277494,Perice Abramovitz,2354 Jenifer Place,"£55,612.48 ",30/09/1964,bs437833j,Packager,Sella Ronca,Civil Partner,07235 827 256
55-6072477,Waring Durkin,9597 Towne Center,"£82,140.98 ",07/03/1984,mg195096h,Packager,Paolina Rosenwasser,Wife,07405 739 948
42-0717807,Robin Bartkowiak,5559 Shelley Circle,"£89,053.24 ",14/07/1988,mu698813c,Packager,Rollo Olczak,Mother,07268 021 034
57-4162757,Beulah Vala,07601 Sunfield Hill,"£37,954.91 ",09/09/1951,ro435900h,Packager,Scarlet Maps,Girlfriend,07959 819 817
68-5871521,Bearnard Parysowna,60052 Monument Alley,"£85,175.33 ",08/09/1985,vg613456a,Driver,Ernestine Syne,Father,07699 779 427
57-7596762,Joelie Bacchus,0374 Pawling Hill,"£14,722.35 ",09/10/1978,ok001999u,Driver,Emmy Giraldo,Boyfriend,07456 139 081
94-4705277,Orton Willmore,4 Pine View Street,"£14,870.36 ",31/01/1985,xh603239m,Driver,Timothy Reck,Civil Partner,07149 504 735
63-6111701,Fayre Tomney,1506 Ryan Point,"£58,829.33 ",23/07/1979,ia005234g,Driver,Berty Brimblecomb,Girlfriend,07765 565 720
74-0303597,Bria Thomkins,7 Homewood Road,"£88,871.61 ",01/04/1952,tx085395s,Manager,Reed Easterfield,Civil Partner,07523 340 134
76-4036199,Noni Szymoni,6 Kedzie Circle,"£90,864.71 ",09/02/1959,yl605202h,Packager,Joyce Jaynes,Civil Partner,07184 014 200
41-3975053,Felipe Ferschke,5508 Hauk Terrace,"£63,359.81 ",25/12/1986,pu346240t,HR,Sibyl Mabson,Civil Partner,07924 859 819
17-1342407,Mala Eyree,6 Dorton Circle,"£24,532.92 ",14/07/1993,kf326923s,Driver,Traci Hammersley,Wife,07950 182 116
52-1336694,Renaldo Fussey,7 Northland Street,"£46,099.86 ",11/04/1955,nz535691o,Driver,Gloriana McFade,Husband,07061 354 829
63-0638100,Edd Speere,812 High Crossing Junction,"£13,662.80 ",05/01/1950,au549358u,Packager,Kristopher Pawfoot,Boyfriend,07623 018 398
26-3324931,Nelle Thams,04 Weeping Birch Junction,"£12,571.28 ",16/12/1982,qj455525d,Driver,Jaime Picford,Mother,07745 996 565
